{"count":1,"self":8.6826624,"total":67.4544842,"children":{"InitializeActuators":{"count":2,"self":0.0015919999999999999,"total":0.0015919999999999999,"children":null},"InitializeSensors":{"count":2,"self":0.0031768,"total":0.0031768,"children":null},"AgentSendState":{"count":20002,"self":0.3496775,"total":0.93803339999999991,"children":{"CollectObservations":{"count":20002,"self":0.055895,"total":0.055895,"children":null},"WriteActionMask":{"count":20002,"self":0.022711199999999997,"total":0.022711199999999997,"children":null},"RequestDecision":{"count":20002,"self":0.0508906,"total":0.5097497,"children":{"AgentInfo.ToProto":{"count":20002,"self":0.1283947,"total":0.45885909999999996,"children":{"GenerateSensorData":{"count":20002,"self":0.29642579999999996,"total":0.3304644,"children":{"RayPerceptionSensor.Perceive":{"count":20002,"self":0.034038599999999995,"total":0.034038599999999995,"children":null}}}}}}}}},"DecideAction":{"count":20002,"self":57.131532799999995,"total":57.1315331,"children":null},"AgentAct":{"count":20002,"self":0.6944625,"total":0.6944625,"children":null}},"gauges":{},"metadata":{"timer_format_version":"0.1.0","start_time_seconds":"1721390493","unity_version":"2022.3.11f1","command_line_arguments":"C:\\Users\\matte\\Desktop\\ISLa-RL-Playground\\utils\/TB3\/windows\/TB3\/Turtlebot3.exe -nographics -batchmode --mlagents-port 5497","communication_protocol_version":"1.5.0","com.unity.ml-agents_version":"2.3.0-exp.3","scene_name":"UnitySafetyGym","end_time_seconds":"1721390560"}}